"1", "83", "powerwindow03", "models/automotive/powerwindow03.mdl"
"", "", "powerwindow02", "models/automotive/powerwindow02.mdl"
"", "", "", ""
"2", "88", "powerwindowlibphys", "models/automotive/powerwindowlibphys.mdl"
"", "", "powerwindow03/window_system", "models/automotive/powerwindow03.mdl"
"", "", "powerwindow02/window_system", "models/automotive/powerwindow02.mdl"
"", "", "", ""
"3", "70", "powerwindow01", "models/automotive/powerwindow01.mdl"
"", "", "powerwindow04/power_window_control_system", "models/automotive/powerwindow04.mdl"
"", "", "powerwindow05/power_window_control_system", "models/automotive/powerwindow05.mdl"
"", "", "powerwindow03/power_window_control_system", "models/automotive/powerwindow03.mdl"
"", "", "powerwindow02/power_window_control_system", "models/automotive/powerwindow02.mdl"
"", "", "powerwindowlibsa/power_window_control_system", "models/automotive/powerwindowlibsa.mdl"
"", "", "powerwindow01/power_window_control_system", "models/automotive/powerwindow01.mdl"
"", "", "", ""
"4", "70", "sldemo_enginewc", "models/automotive/sldemo_enginewc.mdl"
"", "", "sldemo_engine", "models/automotive/sldemo_engine.mdl"
"", "", "", ""
"5", "97", "sldemo_clutch_if", "models/automotive/sldemo_clutch_if.mdl"
"", "", "sldemo_clutch", "models/automotive/sldemo_clutch.mdl"
"", "", "", ""
"6", "98", "sldemo_auto_climate_elec/ClimateControlSystem", "models/automotive/sldemo_auto_climate_elec.mdl"
"", "", "sldemo_auto_climatecontrol", "models/automotive/sldemo_auto_climatecontrol.mdl"
"", "", "", ""
"7", "90", "powerwindow05/passenger switch", "models/automotive/powerwindow05.mdl"
"", "", "powerwindow05/driver switch", "models/automotive/powerwindow05.mdl"
"", "", "powerwindowlibdsp/driver window control switch", "models/automotive/powerwindowlibdsp.mdl"
"", "", "powerwindowlibdsp/passenger window control switch", "models/automotive/powerwindowlibdsp.mdl"
"", "", "", ""
"8", "79", "sldemo_auto_climate_elec/ElectricalSystem", "models/automotive/sldemo_auto_climate_elec.mdl"
"", "", "sldemo_auto_carelec", "models/automotive/sldemo_auto_carelec.mdl"
"", "", "", ""
"9", "92", "powerwindow05/window_system", "models/automotive/powerwindow05.mdl"
"", "", "powerwindow04/window_system", "models/automotive/powerwindow04.mdl"
"", "", "", ""
"10", "84", "powerwindow04/window_system/window DAQ", "models/automotive/powerwindow04.mdl"
"", "", "powerwindowlibdsp/window DAQ", "models/automotive/powerwindowlibdsp.mdl"
"", "", "powerwindow05/window_system/window DAQ", "models/automotive/powerwindow05.mdl"
"", "", "", ""
"11", "78", "powerwindow", "models/automotive/powerwindow.mdl"
"", "", "powerwindow_cv", "models/automotive/powerwindow_cv.mdl"
"", "", "", ""
"12", "70", "sldemo_engine/Throttle & Manifold", "models/automotive/sldemo_engine.mdl"
"", "", "powerwindowlibsa/validate_state", "models/automotive/powerwindowlibsa.mdl"
"", "", "powerwindow04/power_window_control_system/validate_passenger", "models/automotive/powerwindow04.mdl"
"", "", "powerwindow05/power_window_control_system/validate_passenger", "models/automotive/powerwindow05.mdl"
"", "", "powerwindow03/power_window_control_system/validate_driver", "models/automotive/powerwindow03.mdl"
"", "", "powerwindow05/power_window_control_system/validate_driver", "models/automotive/powerwindow05.mdl"
"", "", "powerwindow04/power_window_control_system/validate_driver", "models/automotive/powerwindow04.mdl"
"", "", "powerwindow01/power_window_control_system/validate_driver", "models/automotive/powerwindow01.mdl"
"", "", "powerwindow03/power_window_control_system/validate_passenger", "models/automotive/powerwindow03.mdl"
"", "", "powerwindow02/power_window_control_system/validate_passenger", "models/automotive/powerwindow02.mdl"
"", "", "powerwindowlibsa/power_window_control_system/validate_passenger_state", "models/automotive/powerwindowlibsa.mdl"
"", "", "powerwindowlibsa/power_window_control_system/validate_driver_state", "models/automotive/powerwindowlibsa.mdl"
"", "", "powerwindow01/power_window_control_system/validate_passenger", "models/automotive/powerwindow01.mdl"
"", "", "powerwindow02/power_window_control_system/validate_driver", "models/automotive/powerwindow02.mdl"
"", "", "sldemo_enginewc/Throttle & Manifold", "models/automotive/sldemo_enginewc.mdl"
"", "", "", ""
"13", "71", "powerwindow05/power_window_control_system/detect_obstacle_endstop", "models/automotive/powerwindow05.mdl"
"", "", "powerwindowlibsa/fp_verify_current", "models/automotive/powerwindowlibsa.mdl"
"", "", "powerwindowlibsa/verify_current", "models/automotive/powerwindowlibsa.mdl"
"", "", "powerwindow04/power_window_control_system/detect_obstacle_endstop", "models/automotive/powerwindow04.mdl"
"", "", "powerwindow02/power_window_control_system/detect_obstacle_endstop", "models/automotive/powerwindow02.mdl"
"", "", "powerwindow03/power_window_control_system/detect_obstacle_endstop", "models/automotive/powerwindow03.mdl"
"", "", "powerwindowlibsa/power_window_control_system/detect_obstacle_endstop", "models/automotive/powerwindowlibsa.mdl"
"", "", "sldemo_fuelsys/fuel_rate_control/fuel_calc/switchable_compensation", "models/automotive/sldemo_fuelsys.mdl"
"", "", "powerwindowlibsa/verify_position", "models/automotive/powerwindowlibsa.mdl"
"", "", "powerwindow01/power_window_control_system/detect_obstacle_endstop", "models/automotive/powerwindow01.mdl"
"", "", "sldemo_clutch/Friction Mode Logic/Lockup Detection", "models/automotive/sldemo_clutch.mdl"
"", "", "sldemo_clutch_if/Friction Mode Logic/Lockup Detection", "models/automotive/sldemo_clutch_if.mdl"
"", "", "", ""
"14", "70", "powerwindowlibphys/plant/window/friction", "models/automotive/powerwindowlibphys.mdl"
"", "", "sldemo_auto_climate_elec/ClimateControlSystem/Heater Control", "models/automotive/sldemo_auto_climate_elec.mdl"
"", "", "sldemo_auto_climatecontrol/Heater Control", "models/automotive/sldemo_auto_climatecontrol.mdl"
"", "", "sldemo_clutch_if/Unlocked", "models/automotive/sldemo_clutch_if.mdl"
"", "", "sldemo_clutch/Unlocked", "models/automotive/sldemo_clutch.mdl"
"", "", "powerwindowlibphys/plant/object", "models/automotive/powerwindowlibphys.mdl"
"", "", "powerwindow02/window_system/plant/window/friction", "models/automotive/powerwindow02.mdl"
"", "", "powerwindow03/window_system/plant/window/friction", "models/automotive/powerwindow03.mdl"
"", "", "powerwindow02/window_system/plant/object", "models/automotive/powerwindow02.mdl"
"", "", "powerwindow03/window_system/plant/object", "models/automotive/powerwindow03.mdl"
"", "", "sldemo_engine/Throttle & Manifold/Throttle", "models/automotive/sldemo_engine.mdl"
"", "", "sldemo_enginewc/Throttle & Manifold/Throttle", "models/automotive/sldemo_enginewc.mdl"
"", "", "powerwindow03/window_world/Define glass orientation", "models/automotive/powerwindow03.mdl"
"", "", "sldemo_autotrans/Vehicle", "models/automotive/sldemo_autotrans.mdl"
"", "", "sldemo_enginewc/Controller/prevent windup", "models/automotive/sldemo_enginewc.mdl"
"", "", "powerwindowlibsa/2nd_order_window_system", "models/automotive/powerwindowlibsa.mdl"
"", "", "powerwindow01/window_system", "models/automotive/powerwindow01.mdl"
"", "", "powerwindow02/power_window_control_system/detect_obstacle_endstop/detect_obstacle", "models/automotive/powerwindow02.mdl"
"", "", "powerwindow03/power_window_control_system/detect_obstacle_endstop/detect_obstacle", "models/automotive/powerwindow03.mdl"
"", "", "powerwindowlibsa/verify_current/detect_obstacle", "models/automotive/powerwindowlibsa.mdl"
"", "", "powerwindow05/power_window_control_system/detect_obstacle_endstop/detect_obstacle", "models/automotive/powerwindow05.mdl"
"", "", "powerwindow04/power_window_control_system/detect_obstacle_endstop/detect_obstacle", "models/automotive/powerwindow04.mdl"
"", "", "powerwindowlibsa/fp_verify_current/detect_obstacle", "models/automotive/powerwindowlibsa.mdl"
"", "", "sldemo_fuelsys/Engine Gas Dynamics/Throttle & Manifold/Intake Manifold", "models/automotive/sldemo_fuelsys.mdl"
"", "", "sldemo_suspn/Rear Suspension", "models/automotive/sldemo_suspn.mdl"
"", "", "sldemo_suspn/Front Suspension", "models/automotive/sldemo_suspn.mdl"
"", "", "sldemo_fuelsys/Engine Gas Dynamics/Mixing & Combustion", "models/automotive/sldemo_fuelsys.mdl"
"", "", "powerwindowlibsa/power_window_control_system/validate_driver_state/mutually_exclusive", "models/automotive/powerwindowlibsa.mdl"
"", "", "powerwindow05/power_window_control_system/validate_passenger/mutually_exclusive", "models/automotive/powerwindow05.mdl"
"", "", "powerwindow05/power_window_control_system/validate_driver/mutually_exclusive", "models/automotive/powerwindow05.mdl"
"", "", "powerwindow03/power_window_control_system/validate_passenger/mutually_exclusive", "models/automotive/powerwindow03.mdl"
"", "", "powerwindowlibsa/power_window_control_system/validate_passenger_state/mutually_exclusive", "models/automotive/powerwindowlibsa.mdl"
"", "", "powerwindow03/power_window_control_system/validate_driver/mutually_exclusive", "models/automotive/powerwindow03.mdl"
"", "", "powerwindow01/power_window_control_system/validate_passenger/mutually_exclusive", "models/automotive/powerwindow01.mdl"
"", "", "powerwindow02/power_window_control_system/validate_driver/mutually_exclusive", "models/automotive/powerwindow02.mdl"
"", "", "powerwindow01/power_window_control_system/validate_driver/mutually_exclusive", "models/automotive/powerwindow01.mdl"
"", "", "powerwindowlibsa/validate_state/mutually_exclusive", "models/automotive/powerwindowlibsa.mdl"
"", "", "powerwindow02/power_window_control_system/validate_passenger/mutually_exclusive", "models/automotive/powerwindow02.mdl"
"", "", "powerwindow04/power_window_control_system/validate_passenger/mutually_exclusive", "models/automotive/powerwindow04.mdl"
"", "", "powerwindow04/power_window_control_system/validate_driver/mutually_exclusive", "models/automotive/powerwindow04.mdl"
"", "", "powerwindow05/driver switch/switch", "models/automotive/powerwindow05.mdl"
"", "", "powerwindow05/passenger switch/switch", "models/automotive/powerwindow05.mdl"
"", "", "powerwindowlibdsp/passenger window control switch/switch", "models/automotive/powerwindowlibdsp.mdl"
"", "", "powerwindowlibdsp/driver window control switch/switch", "models/automotive/powerwindowlibdsp.mdl"
"", "", "sldemo_auto_climatecontrol/AC Control", "models/automotive/sldemo_auto_climatecontrol.mdl"
"", "", "sldemo_auto_climate_elec/ClimateControlSystem/AC Control", "models/automotive/sldemo_auto_climate_elec.mdl"
"", "", "powerwindow03/driver_switch", "models/automotive/powerwindow03.mdl"
"", "", "powerwindow04/driver_switch", "models/automotive/powerwindow04.mdl"
"", "", "powerwindow02/passenger_switch", "models/automotive/powerwindow02.mdl"
"", "", "powerwindow04/passenger_switch", "models/automotive/powerwindow04.mdl"
"", "", "powerwindow03/passenger_switch", "models/automotive/powerwindow03.mdl"
"", "", "powerwindow02/driver_switch", "models/automotive/powerwindow02.mdl"
"", "", "powerwindowlibsa/switch", "models/automotive/powerwindowlibsa.mdl"
"", "", "powerwindow01/passenger_switch", "models/automotive/powerwindow01.mdl"
"", "", "powerwindow01/driver_switch", "models/automotive/powerwindow01.mdl"
"", "", "powerwindowlibsa/power_window_control_system/detect_obstacle_endstop/detect_obstacle", "models/automotive/powerwindowlibsa.mdl"
"", "", "sldemo_autotrans/ShiftLogic", "models/automotive/sldemo_autotrans.mdl"
"", "", "powerwindow03/window_world/Define support_connect translation", "models/automotive/powerwindow03.mdl"
"", "", "sldemo_autotrans/Transmission/TorqueConverter", "models/automotive/sldemo_autotrans.mdl"
"", "", "sldemo_clutch_if/Locked", "models/automotive/sldemo_clutch_if.mdl"
"", "", "sldemo_clutch/Locked", "models/automotive/sldemo_clutch.mdl"
"", "", "powerwindow05/power_window_control_system/control", "models/automotive/powerwindow05.mdl"
"", "", "powerwindow04/power_window_control_system/control", "models/automotive/powerwindow04.mdl"
"", "", "powerwindow03/power_window_control_system/control", "models/automotive/powerwindow03.mdl"
"", "", "powerwindowlibsa/power_window_control/control", "models/automotive/powerwindowlibsa.mdl"
"", "", "powerwindow01/power_window_control_system/control", "models/automotive/powerwindow01.mdl"
"", "", "powerwindow/control", "models/automotive/powerwindow.mdl"
"", "", "powerwindow_cv/control", "models/automotive/powerwindow_cv.mdl"
"", "", "powerwindowlibsa/power_window_control_system/control", "models/automotive/powerwindowlibsa.mdl"
"", "", "sldemo_engine/Combustion", "models/automotive/sldemo_engine.mdl"
"", "", "sldemo_enginewc/Combustion", "models/automotive/sldemo_enginewc.mdl"
"", "", "sldemo_enginewc/Throttle & Manifold/Intake Manifold", "models/automotive/sldemo_enginewc.mdl"
"", "", "sldemo_engine/Throttle & Manifold/Intake Manifold", "models/automotive/sldemo_engine.mdl"
"", "", "sldemo_auto_climate_elec/ClimateControlSystem/Temperature Control Chart", "models/automotive/sldemo_auto_climate_elec.mdl"
"", "", "sldemo_auto_climatecontrol/Temperature Control Chart", "models/automotive/sldemo_auto_climatecontrol.mdl"
"", "", "powerwindow02/power_window_control_system/control", "models/automotive/powerwindow02.mdl"
"", "", "powerwindow05/window_system/window DAQ/amplification up", "models/automotive/powerwindow05.mdl"
"", "", "powerwindow05/window_system/window DAQ/amplification down", "models/automotive/powerwindow05.mdl"
"", "", "powerwindowlibphys/amplification up", "models/automotive/powerwindowlibphys.mdl"
"", "", "powerwindowlibphys/amplification down", "models/automotive/powerwindowlibphys.mdl"
"", "", "powerwindow03/window_system/amplification down", "models/automotive/powerwindow03.mdl"
"", "", "powerwindow03/window_system/amplification up", "models/automotive/powerwindow03.mdl"
"", "", "powerwindow02/window_system/amplification down", "models/automotive/powerwindow02.mdl"
"", "", "powerwindow02/window_system/amplification up", "models/automotive/powerwindow02.mdl"
"", "", "powerwindow04/window_system/window DAQ/amplification down", "models/automotive/powerwindow04.mdl"
"", "", "powerwindow04/window_system/window DAQ/amplification up", "models/automotive/powerwindow04.mdl"
"", "", "powerwindowlibdsp/window DAQ/amplification up", "models/automotive/powerwindowlibdsp.mdl"
"", "", "powerwindowlibdsp/window DAQ/amplification down", "models/automotive/powerwindowlibdsp.mdl"
"", "", "", ""
"15", "95", "powerwindow05/passenger switch/DAQ/DAQ driver down", "models/automotive/powerwindow05.mdl"
"", "", "powerwindow05/passenger switch/DAQ/DAQ driver up", "models/automotive/powerwindow05.mdl"
"", "", "", ""
"16", "95", "powerwindow05/driver switch/DAQ/DAQ driver up", "models/automotive/powerwindow05.mdl"
"", "", "powerwindow05/driver switch/DAQ/DAQ driver down", "models/automotive/powerwindow05.mdl"
"", "", "", ""
"17", "95", "powerwindowlibdsp/passenger window control switch/DAQ/DAQ driver down", "models/automotive/powerwindowlibdsp.mdl"
"", "", "powerwindowlibdsp/passenger window control switch/DAQ/DAQ driver up", "models/automotive/powerwindowlibdsp.mdl"
"", "", "", ""
"18", "95", "powerwindowlibdsp/driver window control switch/DAQ/DAQ driver up", "models/automotive/powerwindowlibdsp.mdl"
"", "", "powerwindowlibdsp/driver window control switch/DAQ/DAQ driver down", "models/automotive/powerwindowlibdsp.mdl"
